"","lon","lat"
"1",NA,NA
"2",NA,NA
"3",-94.2020084,46.3526733
"4",-74.0059413,40.7127837
"5",-87.6297982,41.8781136
"6",-86.80249,33.5206608
"7",-79.0192997,35.7595731
"8",-0.1277583,51.5073509
"9",-102.4107493,34.2331373
"10",NA,NA
"11",NA,NA
"12",-81.5157535,27.6648274
"13",151.448499,-30.7501848
"14",NA,NA
"15",NA,NA
"16",-84.3879824,33.7489954
"17",-73.5387341,41.0534302
"18",NA,NA
"19",-95.3698028,29.7604267
"20",NA,NA
"21",-75.1652215,39.9525839
"22",NA,NA
"23",NA,NA
"24",-80.8431267,35.2270869
"25",NA,NA
"26",NA,NA
"27",-119.4179324,36.778261
"28",-79.9958864,40.4406248
"29",-110.926479,32.2217429
"30",-8.24389,53.41291
"31",-80.2864515,40.8617303
"32",-122.482907,37.7796734
"33",-76.5319854,3.4516467
"34",NA,NA
"35",-119.4179324,36.778261
"36",NA,NA
"37",NA,NA
"38",NA,NA
"39",NA,NA
"40",-71.3824374,42.4072107
"41",NA,NA
"42",4.773597,45.991974
"43",NA,NA
"44",-97.3866837,32.3476438
"45",NA,NA
"46",-81.5157535,27.6648274
"47",-73.0820556,40.7359317
"48",NA,NA
"49",-155.5827818,19.8967662
"50",-95.712891,37.09024
"51",NA,NA
"52",NA,NA
"53",-85.6023643,44.3148443
"54",NA,NA
"55",-82.7395454,28.18779
"56",-101.2573586,21.0190145
"57",-122.4194155,37.7749295
"58",-0.1277583,51.5073509
"59",NA,NA
"60",-101.8312969,35.2219971
"61",-95.712891,37.09024
"62",-79.0192997,35.7595731
"63",-118.2436849,34.0522342
"64",-95.712891,37.09024
"65",-74.0059413,40.7127837
"66",-74.0059413,40.7127837
"67",-74.0059413,40.7127837
"68",-74.0059413,40.7127837
"69",-74.0059413,40.7127837
"70",-74.0059413,40.7127837
"71",-74.0059413,40.7127837
"72",-74.0059413,40.7127837
"73",-74.0059413,40.7127837
"74",-74.0059413,40.7127837
"75",-74.0059413,40.7127837
"76",-74.0059413,40.7127837
"77",-74.0059413,40.7127837
"78",-74.0059413,40.7127837
"79",-74.0059413,40.7127837
"80",-87.6185499,41.8873246
"81",-91.8318334,35.20105
"82",NA,NA
"83",NA,NA
"84",-69.9298194,43.8922586
"85",NA,NA
"86",-0.1277583,51.5073509
"87",-122.2913078,37.8271784
"88",-81.4278984,42.9310419
"89",-78.1633341,39.1856597
"90",NA,NA
"91",NA,NA
"92",-122.0307963,36.9741171
"93",NA,NA
"94",-105.7820674,39.5500507
"95",-95.712891,37.09024
"96",NA,NA
"97",-117.4260466,47.6587802
"98",-76.5410412,38.9411119
"99",NA,NA
"100",-115.2744352,36.295499
"101",NA,NA
"102",NA,NA
"103",-88.0261911,42.4105765
"104",51.5310398,25.2854473
"105",-80.8184166,41.2375569
"106",28.1262927,-25.9991795
"107",-7.6152815,53.7053782
"108",NA,NA
"109",-74.4056612,40.0583238
"110",-118.0528456,34.1616729
"111",NA,NA
"112",NA,NA
"113",NA,NA
"114",NA,NA
"115",NA,NA
"116",NA,NA
"117",-74.2090053,40.8259007
"118",-115.1466648,36.0971945
"119",-95.712891,37.09024
"120",-122.6716063,45.6318397
"121",-99.7971856,36.0095232
"122",-71.0588801,42.3600825
"123",NA,NA
"124",NA,NA
"125",-106.2800242,43.4113604
"126",-118.2436849,34.0522342
"127",-116.419389,34.9592083
"128",NA,NA
"129",-114.7420408,44.0682019
"130",-71.0661633,42.4584292
"131",-122.3126222,47.3223221
"132",-95.712891,37.09024
"133",-74.0059413,40.7127837
"134",NA,NA
"135",NA,NA
"136",NA,NA
"137",-95.712891,37.09024
"138",-84.1916069,39.7589478
"139",-97.4394777,35.2225668
"140",-119.0592705,34.3541659
"141",NA,NA
"142",NA,NA
"143",NA,NA
"144",NA,NA
"145",-73.7562317,42.6525793
"146",-95.712891,37.09024
"147",-105.2705456,40.0149856
"148",-63.1310704,46.23824
"149",-73.5387341,41.0534302
"150",NA,NA
"151",-95.712891,37.09024
"152",NA,NA
"153",-7.6152815,53.7053782
"154",-95.712891,37.09024
"155",NA,NA
"156",-70.2553259,43.661471
"157",-83.0457538,42.331427
"158",NA,NA
"159",-71.3824374,42.4072107
"160",-114.0708459,51.0486151
"161",-93.2650108,44.977753
"162",-90.4204562,40.3275898
"163",-74.0059413,40.7127837
"164",NA,NA
"165",NA,NA
"166",NA,NA
"167",-83.4066132,42.6907443
"168",-118.2000277,34.2068182
"169",-79.7839262,35.4398606
"170",-74.0059413,40.7127837
"171",NA,NA
"172",-87.6297982,41.8781136
"173",-83.9207392,35.9606384
"174",-87.6297982,41.8781136
"175",NA,NA
"176",-86.5804473,35.5174913
"177",-86.902298,32.3182314
"178",NA,NA
"179",-95.712891,37.09024
"180",-95.712891,37.09024
"181",NA,NA
"182",NA,NA
"183",-79.0377388,43.0962143
"184",-87.6297982,41.8781136
"185",NA,NA
"186",NA,NA
"187",-85.7584557,38.2526647
"188",-81.5157535,27.6648274
"189",NA,NA
"190",-70.5586401,41.5784425
"191",NA,NA
"192",NA,NA
"193",-77.6109219,43.16103
"194",NA,NA
"195",-105.7820674,39.5500507
"196",-73.9074372,41.9318294
"197",-96.6988856,33.0198431
"198",28.9783589,41.0082376
"199",NA,NA
"200",-94.1060282,31.5299029
"201",-74.0059413,40.7127837
"202",-122.7140548,38.440429
"203",NA,NA
"204",-83.0146526,42.5144566
"205",-82.6995443,27.8428025
"206",NA,NA
"207",NA,NA
"208",-82.9000751,32.1656221
"209",-118.2436849,34.0522342
"210",NA,NA
"211",-77.3663538,35.612661
"212",-106.346771,56.130366
"213",NA,NA
"214",5.7760724,6.8527441
"215",NA,NA
"216",NA,NA
"217",-122.6764816,45.5230622
"218",NA,NA
"219",NA,NA
"220",NA,NA
"221",-71.0994968,42.3875968
"222",-79.3831843,43.653226
"223",-121.9877444,38.3565773
"224",-95.712891,37.09024
"225",NA,NA
"226",-78.8773898,42.8760887
"227",-75.977985,36.8529263
"228",NA,NA
"229",-95.712891,37.09024
"230",-82.907123,40.4172871
"231",NA,NA
"232",NA,NA
"233",-81.9817726,35.046508
"234",-122.2653887,38.5024689
"235",NA,NA
"236",-95.712891,37.09024
"237",-89.5889864,40.6936488
"238",NA,NA
"239",-81.5157535,27.6648274
"240",-122.4194155,37.7749295
"241",-77.0368707,38.9071923
"242",NA,NA
"243",NA,NA
"244",NA,NA
"245",-77.0368707,38.9071923
"246",-91.1403196,30.4582829
"247",-83.1763145,42.3222599
"248",NA,NA
"249",NA,NA
"250",NA,NA
"251",-74.0059413,40.7127837
"252",NA,NA
"253",-121.9552356,37.3541079
"254",NA,NA
"255",-73.5358541,42.5366348
"256",-1.1581086,52.9547832
"257",-112.0740373,33.4483771
"258",-119.6981901,34.4208305
"259",NA,NA
"260",NA,NA
"261",NA,NA
"262",NA,NA
"263",-118.2436849,34.0522342
"264",NA,NA
"265",-71.0588801,42.3600825
"266",NA,NA
"267",NA,NA
"268",-78.6568942,37.4315734
"269",NA,NA
"270",-96.7969879,32.7766642
"271",-118.3286614,34.0928092
"272",-83.1140771,40.0992294
"273",NA,NA
"274",-97.330053,37.6871761
"275",NA,NA
"276",NA,NA
"277",-3.435973,55.378051
"278",NA,NA
"279",-80.8431267,35.2270869
"280",NA,NA
"281",NA,NA
"282",NA,NA
"283",-95.712891,37.09024
"284",-117.1610838,32.715738
"285",NA,NA
"286",NA,NA
"287",-75.9268747,40.3356483
"288",NA,NA
"289",-76.6121893,39.2903848
"290",-92.1476353,32.5184775
"291",-95.712891,37.09024
"292",NA,NA
"293",NA,NA
"294",-89.3985283,40.6331249
"295",NA,NA
"296",NA,NA
"297",-77.1945247,41.2033216
"298",-73.7620359,41.1482947
"299",-74.4056612,40.0583238
"300",NA,NA
"301",NA,NA
"302",-95.712891,37.09024
"303",-122.0838511,37.3860517
"304",-74.15703,4.44646
"305",91.117525,29.647535
"306",NA,NA
"307",NA,NA
"308",-74.0059413,40.7127837
"309",-94.5785667,39.0997265
"310",NA,NA
"311",NA,NA
"312",-157.860709,21.306117
"313",-119.4179324,36.778261
"314",NA,NA
"315",-94.1265562,30.080174
"316",NA,NA
"317",NA,NA
"318",NA,NA
"319",NA,NA
"320",-0.1277583,51.5073509
"321",NA,NA
"322",-87.7878408,42.0697509
"323",NA,NA
"324",-81.5157535,27.6648274
"325",-73.134961,40.789142
"326",NA,NA
"327",-106.6055534,35.0853336
"328",NA,NA
"329",-95.712891,37.09024
"330",-73.9441579,40.6781784
"331",-74.0059413,40.7127837
"332",-119.4179324,36.778261
"333",NA,NA
"334",-111.8910474,40.7607793
"335",NA,NA
"336",-82.903754,32.5404447
"337",NA,NA
"338",-95.712891,37.09024
"339",-86.902298,32.3182314
"340",-120.5542012,43.8041334
"341",NA,NA
"342",NA,NA
"343",NA,NA
"344",-95.712891,37.09024
"345",NA,NA
"346",-77.1772604,38.9338676
"347",NA,NA
"348",NA,NA
"349",NA,NA
"350",-99.9018131,31.9685988
"351",-95.712891,37.09024
"352",-74.0059413,40.7127837
"353",NA,NA
"354",-101.8551665,33.5778631
"355",NA,NA
"356",NA,NA
"357",NA,NA
"358",NA,NA
"359",NA,NA
"360",-95.712891,37.09024
"361",NA,NA
"362",NA,NA
"363",NA,NA
"364",NA,NA
"365",NA,NA
"366",-74.0059413,40.7127837
"367",NA,NA
"368",NA,NA
"369",46.6752957,24.7135517
"370",-79.5131983,43.6204946
"371",-81.3792365,28.5383355
"372",-89.4012302,43.0730517
"373",-117.3961564,33.9533487
"374",-76.6246886,39.1626084
"375",-90.1994042,38.6270025
"376",NA,NA
"377",-97.7430608,30.267153
"378",-86.1586156,41.6619927
"379",-84.2940899,34.0753762
"380",NA,NA
"381",NA,NA
"382",NA,NA
"383",-73.742898,42.6425794
"384",-95.712891,37.09024
"385",-80.1300455,25.790654
"386",NA,NA
"387",-86.902298,32.3182314
"388",-74.116677,11.142812
"389",NA,NA
"390",-74.1979458,39.9537358
"391",-73.7985008,42.5319998
"392",-77.0368707,38.9071923
"393",-77.0368707,38.9071923
"394",NA,NA
"395",-95.712891,37.09024
"396",NA,NA
"397",-74.4056612,40.0583238
"398",-86.7816016,36.1626638
"399",-3.188267,55.953252
"400",NA,NA
"401",NA,NA
"402",NA,NA
"403",NA,NA
"404",-95.3698028,29.7604267
"405",-121.7327931,36.4799024
"406",-82.5436722,27.763383
"407",NA,NA
"408",-83.9207392,35.9606384
"409",-95.712891,37.09024
"410",-80.0942087,26.9342246
"411",-95.712891,37.09024
"412",NA,NA
"413",NA,NA
"414",NA,NA
"415",NA,NA
"416",NA,NA
"417",-79.0192997,35.7595731
"418",-81.5157535,27.6648274
"419",-106.2800242,43.4113604
"420",NA,NA
"421",NA,NA
"422",-117.7831104,33.5422475
"423",-89.3985283,40.6331249
"424",-82.9987942,39.9611755
"425",-73.9441579,40.6781784
"426",NA,NA
"427",NA,NA
"428",NA,NA
"429",NA,NA
"430",-77.0368707,38.9071923
"431",-73.9441579,40.6781784
"432",NA,NA
"433",-81.5157535,27.6648274
"434",NA,NA
"435",-95.992775,36.1539816
"436",-74.0059413,40.7127837
"437",NA,NA
"438",NA,NA
"439",-75.1652215,39.9525839
"440",-77.1945247,41.2033216
"441",NA,NA
"442",NA,NA
"443",NA,NA
"444",-74.0059413,40.7127837
"445",-78.4766781,38.0293059
"446",NA,NA
"447",-95.712891,37.09024
"448",-74.0059413,40.7127837
"449",-81.5157535,27.6648274
"450",-1.308648,53.691688
"451",-77.0368707,38.9071923
"452",25.48583,42.733883
"453",NA,NA
"454",NA,NA
"455",NA,NA
"456",NA,NA
"457",NA,NA
"458",-95.712891,37.09024
"459",-88.5225537,44.026406
"460",NA,NA
"461",NA,NA
"462",NA,NA
"463",17.7948189,50.6411215
"464",-81.1637245,33.836081
"465",NA,NA
"466",NA,NA
"467",NA,NA
"468",-95.712891,37.09024
"469",139.7515992,35.6580681
"470",-95.6349463,29.6196787
"471",69.345116,30.375321
"472",NA,NA
"473",-84.2700179,37.8393332
"474",-85.6023643,44.3148443
"475",-91.8318334,37.9642529
"476",NA,NA
"477",-85.3232139,51.253775
"478",-82.8001026,27.9658533
"479",-119.8136946,39.5281353
"480",144.9630576,-37.8136276
"481",NA,NA
"482",-97.7430608,30.267153
"483",-95.712891,37.09024
"484",-95.712891,37.09024
"485",-95.712891,37.09024
"486",-120.5300666,46.6540153
"487",NA,NA
"488",-84.3879824,33.7489954
"489",-83.0146526,42.5144566
"490",-95.712891,37.09024
"491",-92.3425775,42.492786
"492",NA,NA
"493",-95.712891,37.09024
"494",-84.238417,39.2095414
"495",-79.9958864,40.4406248
"496",NA,NA
"497",NA,NA
"498",-71.3824374,42.4072107
"499",NA,NA
"500",-95.712891,37.09024
"501",-93.1435497,44.6402434
"502",-95.712891,37.09024
"503",NA,NA
"504",NA,NA
"505",NA,NA
"506",-77.0368707,38.9071923
"507",-87.7299925,41.728581
"508",NA,NA
"509",NA,NA
"510",NA,NA
"511",-81.5157535,27.6648274
"512",-102.4107493,34.2331373
"513",-84.5182866,39.1128357
"514",-87.6185499,41.8873246
"515",-120.8958242,38.8375215
"516",NA,NA
"517",NA,NA
"518",-71.0588801,42.3600825
"519",-70.2962408,41.6687897
"520",-75.1652215,39.9525839
"521",-79.0192997,35.7595731
"522",-80.148379,25.9812024
"523",-85.6680863,42.9633599
"524",NA,NA
"525",-85.8530469,41.2381
"526",NA,NA
"527",-119.4179324,36.778261
"528",-117.6664308,33.6831832
"529",-95.712891,37.09024
"530",-105.7820674,39.5500507
"531",-111.0937311,34.0489281
"532",NA,NA
"533",-122.6764816,45.5230622
"534",-123.8695086,40.7450055
"535",NA,NA
"536",-3.435973,55.378051
"537",NA,NA
"538",-118.2436849,34.0522342
"539",NA,NA
"540",-89.3985283,32.3546679
"541",-0.1277583,51.5073509
"542",-7.2043533,53.6419042
"543",-95.712891,37.09024
"544",NA,NA
"545",NA,NA
"546",-85.6023643,44.3148443
"547",-74.0059413,40.7127837
"548",-79.9310512,32.7764749
"549",NA,NA
"550",NA,NA
"551",-74.0059413,40.7127837
"552",-122.4194155,37.7749295
"553",-94.5163876,46.8202373
"554",NA,NA
"555",-79.9958864,40.4406248
"556",-97.7430608,30.267153
"557",-119.4179324,36.778261
"558",NA,NA
"559",NA,NA
"560",NA,NA
"561",-95.712891,37.09024
"562",NA,NA
"563",-119.4179324,36.778261
"564",-106.2800242,43.4113604
"565",NA,NA
"566",NA,NA
"567",-91.9623327,30.9842977
"568",NA,NA
"569",NA,NA
"570",NA,NA
"571",-95.712891,37.09024
"572",-74.4056612,40.0583238
"573",NA,NA
"574",-77.1945247,41.2033216
"575",NA,NA
"576",-68.2537463,44.5291357
"577",NA,NA
"578",NA,NA
"579",NA,NA
"580",NA,NA
"581",-86.5804473,35.5174913
"582",NA,NA
"583",NA,NA
"584",NA,NA
"585",-77.0368707,38.9071923
"586",-95.712891,37.09024
"587",-93.1401647,32.9620847
"588",NA,NA
"589",-2.13125,49.214439
"590",NA,NA
"591",NA,NA
"592",138.6007456,-34.9284989
"593",-74.0059413,40.7127837
"594",-95.712891,37.09024
"595",-76.3055144,40.0378755
"596",NA,NA
"597",NA,NA
"598",-74.0059413,40.7127837
"599",-95.712891,37.09024
"600",-3.435973,55.378051
"601",NA,NA
"602",-82.9571265,40.1822849
"603",NA,NA
"604",NA,NA
"605",NA,NA
"606",-89.0187222,42.6827885
"607",-122.989827,45.5228939
"608",NA,NA
"609",-95.712891,37.09024
"610",NA,NA
"611",NA,NA
"612",NA,NA
"613",NA,NA
"614",-74.8909988,39.934002
"615",-70.9915997,42.4136428
"616",-95.712891,37.09024
"617",-4.486076,48.390394
"618",-96.7969879,32.7766642
"619",11.5819806,48.1351253
"620",NA,NA
"621",-95.7607832,29.5821811
"622",-99.9018131,31.9685988
"623",-77.0368707,38.9071923
"624",NA,NA
"625",NA,NA
"626",-94.846681,39.7674578
"627",-106.4508639,52.9399159
"628",-3.435973,55.378051
"629",-106.6055534,35.0853336
"630",NA,NA
"631",-121.6957863,37.931868
"632",-86.5804473,35.5174913
"633",-89.4012302,43.0730517
"634",-118.5155901,34.0356331
"635",-95.3698028,29.7604267
"636",NA,NA
"637",-120.8499924,35.3659445
"638",NA,NA
"639",NA,NA
"640",NA,NA
"641",NA,NA
"642",-118.7797571,34.0259216
"643",-87.6297982,41.8781136
"644",NA,NA
"645",-82.9987942,39.9611755
"646",-82.9000751,32.1656221
"647",NA,NA
"648",NA,NA
"649",-118.3089661,34.1808392
"650",NA,NA
"651",-122.4194155,37.7749295
"652",-118.2436849,34.0522342
"653",-74.0059413,40.7127837
"654",-77.0368707,38.9071923
"655",-118.2436849,34.0522342
"656",-122.8037102,45.487062
"657",-73.9712488,40.7830603
"658",NA,NA
"659",-87.9064736,43.0389025
"660",-86.902298,32.3182314
"661",-76.4859544,44.2311717
"662",-118.2436849,34.0522342
"663",NA,NA
"664",-74.730345,45.0212762
"665",-95.712891,37.09024
"666",NA,NA
"667",-78.319747,44.309058
"668",NA,NA
"669",NA,NA
"670",-84.3879824,33.7489954
"671",NA,NA
"672",-95.712891,37.09024
"673",-73.134961,40.789142
"674",NA,NA
"675",NA,NA
"676",-118.2436849,34.0522342
"677",-82.6267345,27.7518284
"678",-91.1945688,34.8878719
"679",-95.712891,37.09024
"680",-118.2436849,34.0522342
"681",NA,NA
"682",NA,NA
"683",-118.2436849,34.0522342
"684",-71.0022705,42.2528772
"685",-117.9289469,33.6189101
"686",10.7710605,53.6989627
"687",-95.712891,37.09024
"688",-118.2436849,34.0522342
"689",NA,NA
"690",-118.2436849,34.0522342
"691",NA,NA
"692",-118.2436849,34.0522342
"693",NA,NA
"694",-73.3256753,40.6956552
"695",-97.1080656,32.735687
"696",NA,NA
"697",-110.6884653,32.5680492
"698",-118.3812562,34.187044
"699",-118.3870991,34.1395597
"700",-118.2436849,34.0522342
"701",NA,NA
"702",-74.0059413,40.7127837
"703",NA,NA
"704",-87.9064736,43.0389025
"705",NA,NA
"706",-105.8700901,34.5199402
"707",-74.0059413,40.7127837
"708",NA,NA
"709",-73.087749,41.6032207
"710",-118.2436849,34.0522342
"711",NA,NA
"712",NA,NA
"713",NA,NA
"714",-118.3870991,34.1395597
"715",-74.0059413,40.7127837
"716",-71.0588801,42.3600825
"717",NA,NA
"718",-90.1994042,38.6270025
"719",-77.0368707,38.9071923
"720",-75.6971931,45.4215296
"721",NA,NA
"722",NA,NA
"723",NA,NA
"724",NA,NA
"725",NA,NA
"726",-118.3870991,34.1395597
"727",-73.4081575,41.117744
"728",-77.4752667,38.7509488
"729",NA,NA
"730",-122.3320708,47.6062095
"731",NA,NA
"732",NA,NA
"733",-122.2913078,37.8271784
"734",-90.1994042,38.6270025
"735",NA,NA
"736",-120.7401386,47.7510741
"737",NA,NA
"738",NA,NA
"739",-80.6077132,28.3922182
"740",NA,NA
"741",NA,NA
"742",-71.3824374,42.4072107
"743",NA,NA
"744",NA,NA
"745",-95.712891,37.09024
"746",NA,NA
"747",NA,NA
"748",-94.5785667,39.0997265
"749",-77.4105409,39.4142688
"750",-81.7799871,24.5550593
"751",-80.1917902,25.7616798
"752",55.166667,25.216667
"753",NA,NA
"754",NA,NA
"755",2.213749,46.227638
"756",-86.5804473,35.5174913
"757",-99.9500904,49.848471
"758",NA,NA
"759",-0.1277583,51.5073509
"760",NA,NA
"761",NA,NA
"762",NA,NA
"763",-81.6498195,35.0717945
"764",-80.1494901,26.0112014
"765",NA,NA
"766",-94.6707917,38.9822282
"767",NA,NA
"768",-118.2436849,34.0522342
"769",-71.0588801,42.3600825
"770",NA,NA
"771",NA,NA
"772",NA,NA
"773",NA,NA
"774",NA,NA
"775",10.89779,48.3705449
"776",NA,NA
"777",-74.0059413,40.7127837
"778",-111.8314724,33.4151843
"779",-118.3617443,34.0900091
"780",NA,NA
"781",NA,NA
"782",78.96288,20.593684
"783",-95.712891,37.09024
"784",-95.712891,37.09024
"785",NA,NA
"786",NA,NA
"787",13.404954,52.5200066
"788",NA,NA
"789",-118.2228202,34.0479403
"790",NA,NA
"791",-99.9018131,31.9685988
"792",-85.6023643,44.3148443
"793",-95.712891,37.09024
"794",-73.2017811,40.7906538
"795",-94.5785667,39.0997265
"796",-73.9441579,40.6781784
"797",NA,NA
"798",NA,NA
"799",NA,NA
"800",-95.712891,37.09024
"801",-112.0740373,33.4483771
"802",-95.712891,37.09024
"803",-95.712891,37.09024
"804",-81.5157535,27.6648274
"805",NA,NA
"806",-75.1652215,39.9525839
"807",NA,NA
"808",-73.9712488,40.7830603
"809",-99.9018131,43.9695148
"810",NA,NA
"811",NA,NA
"812",1.2008551,51.2251035
"813",-66.1057355,18.4655394
"814",NA,NA
"815",NA,NA
"816",-123.1207375,49.2827291
"817",-81.5190053,41.0814447
"818",-95.712891,37.09024
"819",NA,NA
"820",-86.5861037,34.7303688
"821",-95.4171601,30.0799405
"822",NA,NA
"823",NA,NA
"824",-97.2053697,33.6504107
"825",-119.4179324,36.778261
"826",-77.0368707,38.9071923
"827",NA,NA
"828",NA,NA
"829",-119.0187125,35.3732921
"830",15.2551187,54.5259614
"831",-95.712891,37.09024
"832",-112.0740373,33.4483771
"833",NA,NA
"834",-93.0877196,45.0269101
"835",-101.4787355,32.2503979
"836",NA,NA
"837",NA,NA
"838",NA,NA
"839",-98.510188,29.6191659
"840",-147.7163889,64.8377778
"841",-81.5812755,28.419992
"842",-118.2436849,34.0522342
"843",NA,NA
"844",NA,NA
"845",NA,NA
"846",-77.0368707,38.9071923
"847",NA,NA
"848",-99.9018131,31.9685988
"849",25.748151,61.92411
"850",-75.5276699,38.9108325
"851",NA,NA
"852",NA,NA
"853",-95.712891,37.09024
"854",NA,NA
"855",NA,NA
"856",NA,NA
"857",NA,NA
"858",-77.0368707,38.9071923
"859",-78.8783689,42.8864468
"860",NA,NA
"861",NA,NA
"862",-82.6995443,27.8428025
"863",55.153889,25.175556
"864",NA,NA
"865",NA,NA
"866",-95.712891,37.09024
"867",-87.6297982,41.8781136
"868",NA,NA
"869",-84.2700179,37.8393332
"870",NA,NA
"871",-74.0059413,40.7127837
"872",NA,NA
"873",NA,NA
"874",-120.5542012,43.8041334
"875",-71.5723953,43.1938516
"876",NA,NA
"877",-80.1917902,25.7616798
"878",-74.2995928,40.6584212
"879",-102.4107493,34.2331373
"880",NA,NA
"881",NA,NA
"882",NA,NA
"883",NA,NA
"884",NA,NA
"885",-0.339436,51.752725
"886",NA,NA
"887",NA,NA
"888",-74.0059413,40.7127837
"889",-95.712891,37.09024
"890",-73.087749,41.6032207
"891",NA,NA
"892",NA,NA
"893",NA,NA
"894",-2.13125,49.214439
"895",-36.587909,-54.429579
"896",-113.4909267,53.544389
"897",-96.7969879,32.7766642
"898",NA,NA
"899",NA,NA
"900",-74.4056612,40.0583238
"901",NA,NA
"902",NA,NA
"903",NA,NA
"904",NA,NA
"905",-91.8318334,37.9642529
"906",-72.8070435,41.5381535
"907",NA,NA
"908",NA,NA
"909",NA,NA
"910",NA,NA
"911",NA,NA
"912",NA,NA
"913",-0.205389,51.5110287
"914",-74.7276626,39.4523385
"915",NA,NA
"916",-119.4179324,36.778261
"917",-75.0259637,39.4863773
"918",-77.1945247,41.2033216
"919",-122.6764816,45.5230622
"920",NA,NA
"921",NA,NA
"922",NA,NA
"923",NA,NA
"924",-118.2436849,34.0522342
"925",NA,NA
"926",8.468946,60.472024
"927",NA,NA
"928",NA,NA
"929",-77.0368707,38.9071923
"930",-84.3041145,33.6884432
"931",NA,NA
"932",-119.4179324,36.778261
"933",-84.5120196,39.1031182
"934",-95.712891,37.09024
"935",NA,NA
"936",-119.4179324,36.778261
"937",NA,NA
"938",NA,NA
"939",-71.1097335,42.3736158
"940",NA,NA
"941",NA,NA
"942",NA,NA
"943",NA,NA
"944",-88.7878678,43.7844397
"945",-82.907123,40.4172871
"946",NA,NA
"947",NA,NA
"948",-77.0368707,38.9071923
"949",-97.1383744,49.895136
"950",NA,NA
"951",-99.9018131,31.9685988
"952",NA,NA
"953",-102.4107493,34.2331373
"954",NA,NA
"955",NA,NA
"956",NA,NA
"957",-91.9623327,30.9842977
"958",NA,NA
"959",-89.3985283,32.3546679
"960",NA,NA
"961",NA,NA
"962",NA,NA
"963",NA,NA
"964",-118.2436849,34.0522342
"965",-122.3867537,47.5666668
"966",-117.1610838,32.715738
"967",-89.3985283,40.6331249
"968",-86.5804473,35.5174913
"969",-76.6121893,39.2903848
"970",-89.5331773,42.990831
"971",-102.4107493,34.2331373
"972",-95.712891,37.09024
"973",NA,NA
"974",-95.712891,37.09024
"975",NA,NA
"976",-118.2436849,34.0522342
"977",NA,NA
"978",NA,NA
"979",NA,NA
"980",NA,NA
"981",NA,NA
"982",-97.3307658,32.7554883
"983",NA,NA
"984",NA,NA
"985",-104.990251,39.7392358
"986",-122.4864404,37.788293
"987",-91.8318334,35.20105
"988",-81.6943605,41.49932
"989",-95.992775,36.1539816
"990",NA,NA
"991",NA,NA
"992",-95.2155158,30.1550179
"993",-82.907123,40.4172871
"994",NA,NA
"995",-89.3985283,40.6331249
"996",-79.0192997,35.7595731
"997",NA,NA
"998",NA,NA
"999",-106.2800242,43.4113604
"1000",NA,NA
"1001",-85.6023643,44.3148443
"1002",-99.9018131,31.9685988
"1003",90.4125181,23.810332
"1004",NA,NA
"1005",NA,NA
"1006",-122.4194155,37.7749295
"1007",-6.2603097,53.3498053
"1008",-71.0588801,42.3600825
"1009",NA,NA
"1010",8.227512,46.818188
"1011",-73.134961,40.789142
"1012",-104.8213634,38.8338816
"1013",NA,NA
"1014",-85.6023643,44.3148443
"1015",-122.4598502,47.4473204
"1016",-95.712891,37.09024
"1017",-77.4102607,37.244039
"1018",NA,NA
"1019",NA,NA
"1020",NA,NA
"1021",31.2370347,30.0315832
"1022",NA,NA
"1023",NA,NA
"1024",-111.6946475,40.2968979
"1025",NA,NA
"1026",NA,NA
"1027",-87.6297982,41.8781136
"1028",NA,NA
"1029",NA,NA
"1030",-87.6297982,41.8781136
"1031",NA,NA
"1032",NA,NA
"1033",NA,NA
"1034",-70.9410356,42.2180724
"1035",NA,NA
"1036",NA,NA
"1037",NA,NA
"1038",NA,NA
"1039",-87.4944873,41.6797578
"1040",-73.9441579,40.6781784
"1041",-89.3985283,40.6331249
"1042",NA,NA
"1043",NA,NA
"1044",-74.0059413,40.7127837
"1045",-71.3824374,42.4072107
"1046",NA,NA
"1047",NA,NA
"1048",NA,NA
"1049",-81.5157535,27.6648274
"1050",78.96288,20.593684
"1051",-97.7430608,30.267153
"1052",-70.099451,41.2834704
"1053",NA,NA
"1054",-0.730249,52.396322
"1055",NA,NA
"1056",-92.2895948,34.7464809
"1057",NA,NA
"1058",NA,NA
"1059",-73.087749,41.6032207
"1060",-95.6890185,39.0558235
"1061",-157.8583333,21.3069444
"1062",-122.4194155,37.7749295
"1063",NA,NA
"1064",-105.7820674,39.5500507
"1065",-106.2800242,43.4113604
"1066",-97.7430608,30.267153
"1067",NA,NA
"1068",-79.8711024,43.2557206
"1069",8.541694,47.3768866
"1070",NA,NA
"1071",NA,NA
"1072",-95.712891,37.09024
"1073",-77.0368707,38.9071923
"1074",-74.0059413,40.7127837
"1075",-97.7430608,30.267153
"1076",-73.1709604,44.4669941
"1077",-111.2822492,40.6104984
"1078",-117.8370968,33.6446621
"1079",NA,NA
"1080",-104.8213634,38.8338816
"1081",-74.0059413,40.7127837
"1082",78.96288,20.593684
"1083",NA,NA
"1084",-73.4686858,41.0771914
"1085",NA,NA
"1086",-0.1277583,51.5073509
"1087",-95.712891,37.09024
"1088",NA,NA
"1089",-122.2170661,47.4828776
"1090",-95.712891,37.09024
"1091",NA,NA
"1092",NA,NA
"1093",-63.5677427,44.6652059
"1094",NA,NA
"1095",NA,NA
"1096",NA,NA
"1097",-122.0651819,37.9100783
"1098",-122.0651819,37.9100783
"1099",NA,NA
"1100",NA,NA
"1101",NA,NA
"1102",-118.6930382,34.0392269
"1103",NA,NA
"1104",NA,NA
"1105",NA,NA
"1106",-77.1945247,41.2033216
"1107",NA,NA
"1108",-95.3698028,29.7604267
"1109",NA,NA
"1110",-83.3527097,42.36837
"1111",NA,NA
"1112",NA,NA
"1113",NA,NA
"1114",-99.9018131,31.9685988
"1115",-74.0059413,40.7127837
"1116",-122.3320708,47.6062095
"1117",-111.0937311,39.3209801
"1118",-119.4179324,36.778261
"1119",NA,NA
"1120",NA,NA
"1121",-95.712891,37.09024
"1122",-85.6023643,44.3148443
"1123",NA,NA
"1124",-96.7969879,32.7766642
"1125",-121.9877444,38.3565773
"1126",-94.6858998,46.729553
"1127",NA,NA
"1128",NA,NA
"1129",-116.5016784,33.961124
"1130",NA,NA
"1131",15.472962,49.817492
"1132",NA,NA
"1133",NA,NA
"1134",-99.9018131,31.9685988
"1135",-73.567256,45.5016889
"1136",-86.80249,33.5206608
"1137",-86.902298,32.3182314
"1138",-73.567256,45.5016889
"1139",-86.5493766,30.4955594
"1140",NA,NA
"1141",-75.1652215,39.9525839
"1142",NA,NA
"1143",-77.0368707,38.9071923
"1144",-86.5804473,35.5174913
"1145",-88.1084224,42.9764027
"1146",-81.5157535,27.6648274
"1147",NA,NA
"1148",-90.1994042,38.6270025
"1149",-117.3505939,33.1580933
"1150",-79.0192997,35.7595731
"1151",-91.1403196,30.4582829
"1152",NA,NA
"1153",-119.4179324,36.778261
"1154",-99.9018131,31.9685988
"1155",-4.626772,55.893756
"1156",NA,NA
"1157",NA,NA
"1158",-72.8141185,41.2799027
"1159",NA,NA
"1160",NA,NA
"1161",-105.0866504,39.9205411
"1162",-71.6022583,42.1744878
"1163",NA,NA
"1164",NA,NA
"1165",NA,NA
"1166",NA,NA
"1167",NA,NA
"1168",-99.9018131,31.9685988
"1169",NA,NA
"1170",-120.7401386,47.7510741
"1171",72.8776559,19.0759837
"1172",-118.2436849,34.0522342
"1173",-119.4179324,36.778261
"1174",NA,NA
"1175",-117.1610838,32.715738
"1176",-95.712891,37.09024
"1177",-77.043989,38.9098842
"1178",NA,NA
"1179",-122.0363496,37.36883
"1180",NA,NA
"1181",NA,NA
"1182",-124.1636729,40.8020712
"1183",-118.2436849,34.0522342
"1184",NA,NA
"1185",-84.1593818,39.6283928
"1186",-97.5599321,35.343099
"1187",NA,NA
"1188",NA,NA
"1189",-91.1403196,30.4582829
"1190",-95.712891,37.09024
"1191",-95.712891,37.09024
"1192",NA,NA
"1193",-105.7820674,39.5500507
"1194",-95.712891,37.09024
"1195",-86.5804473,35.5174913
"1196",-77.0368707,38.9071923
"1197",-95.712891,37.09024
"1198",NA,NA
"1199",NA,NA
"1200",NA,NA
"1201",NA,NA
"1202",-95.712891,37.09024
"1203",NA,NA
"1204",NA,NA
"1205",-95.712891,37.09024
"1206",-95.712891,37.09024
"1207",-104.990251,39.7392358
"1208",NA,NA
"1209",NA,NA
"1210",-47.990137,-21.1379949
"1211",-96.3324817,32.9751204
"1212",-105.7820674,39.5500507
"1213",-81.5157535,27.6648274
"1214",NA,NA
"1215",-95.712891,37.09024
"1216",NA,NA
"1217",-82.1400923,29.1871986
"1218",-95.712891,37.09024
"1219",NA,NA
"1220",NA,NA
"1221",NA,NA
"1222",NA,NA
"1223",-95.712891,37.09024
"1224",NA,NA
"1225",16.5879122,59.0579376
"1226",-82.907123,40.4172871
"1227",-77.0368707,38.9071923
"1228",-77.0368707,38.9071923
"1229",-117.3961564,33.9533487
"1230",NA,NA
"1231",NA,NA
"1232",-149.4936733,64.2008413
"1233",NA,NA
"1234",-99.9018131,31.9685988
"1235",-74.0059413,40.7127837
"1236",-106.346771,56.130366
"1237",NA,NA
"1238",-89.4012302,43.0730517
"1239",NA,NA
"1240",-95.712891,37.09024
"1241",-0.1277583,51.5073509
"1242",NA,NA
"1243",-117.1610838,32.715738
"1244",-94.961594,29.7270612
"1245",-115.1398296,36.1699412
"1246",NA,NA
"1247",NA,NA
"1248",NA,NA
"1249",-74.0059413,40.7127837
"1250",NA,NA
"1251",-95.712891,37.09024
"1252",-86.2288322,30.3960324
"1253",NA,NA
"1254",-93.2009998,44.9374831
"1255",NA,NA
"1256",-73.9441579,40.6781784
"1257",NA,NA
"1258",NA,NA
"1259",NA,NA
"1260",NA,NA
"1261",NA,NA
"1262",-82.9000751,32.1656221
"1263",-97.7430608,30.267153
"1264",-83.0457538,42.331427
"1265",-95.712891,37.09024
"1266",-97.092877,35.0077519
"1267",NA,NA
"1268",-95.712891,37.09024
"1269",NA,NA
"1270",NA,NA
"1271",-95.712891,37.09024
"1272",-95.712891,37.09024
"1273",-92.1946014,31.3517886
"1274",NA,NA
"1275",-117.1129323,32.7339276
"1276",-122.3320708,47.6062095
"1277",-120.7401386,47.7510741
"1278",NA,NA
"1279",-122.8670454,45.4942838
"1280",-77.0368707,38.9071923
"1281",-74.0059413,40.7127837
"1282",NA,NA
"1283",NA,NA
"1284",NA,NA
"1285",-95.712891,37.09024
"1286",NA,NA
"1287",-119.4179324,36.778261
"1288",NA,NA
"1289",-117.1610838,32.715738
"1290",NA,NA
"1291",NA,NA
"1292",NA,NA
"1293",-73.9441579,40.6781784
"1294",NA,NA
"1295",-85.6023643,44.3148443
"1296",-94.5785667,39.0997265
"1297",NA,NA
"1298",-81.5157535,27.6648274
"1299",-95.712891,37.09024
"1300",NA,NA
"1301",-95.712891,37.09024
"1302",-71.3824374,42.4072107
"1303",NA,NA
"1304",NA,NA
"1305",-122.2913078,37.8271784
"1306",-105.0874842,39.8027644
"1307",-73.974167,40.7625
"1308",-93.7501789,32.5251516
"1309",NA,NA
"1310",-104.9877597,39.6477653
"1311",NA,NA
"1312",-74.0059413,40.7127837
"1313",-99.9018131,31.9685988
"1314",-83.0457538,42.331427
"1315",NA,NA
"1316",NA,NA
"1317",-84.5120196,39.1031182
"1318",-84.3879824,33.7489954
"1319",-72.9492703,41.6717648
"1320",-122.2170661,47.4828776
"1321",-84.5555347,42.732535
"1322",-122.4194155,37.7749295
"1323",-76.6412712,39.0457549
"1324",NA,NA
"1325",NA,NA
"1326",-77.781167,21.521757
"1327",-122.3320708,47.6062095
"1328",-94.961594,29.7270612
"1329",-94.6858998,46.729553
"1330",-112.0153724,41.506076
"1331",NA,NA
"1332",NA,NA
"1333",NA,NA
"1334",-84.5555347,42.732535
"1335",-122.3320708,47.6062095
"1336",-97.1383744,49.895136
"1337",NA,NA
"1338",-74.1502007,40.5795317
"1339",NA,NA
"1340",NA,NA
"1341",NA,NA
"1342",27.4556388,-20.9030555
"1343",NA,NA
"1344",NA,NA
"1345",NA,NA
"1346",NA,NA
"1347",-95.712891,37.09024
"1348",NA,NA
"1349",-95.712891,37.09024
"1350",-96.7969879,32.7766642
"1351",NA,NA
"1352",-95.712891,37.09024
"1353",NA,NA
"1354",-81.5157535,27.6648274
"1355",-77.0368707,38.9071923
"1356",-84.3798319,33.7476649
"1357",NA,NA
"1358",-77.0368707,38.9071923
"1359",NA,NA
"1360",-117.2787815,45.4262617
"1361",NA,NA
"1362",-95.712891,37.09024
"1363",NA,NA
"1364",-77.0368707,38.9071923
"1365",NA,NA
"1366",-72.4258229,43.0794944
"1367",-85.2268735,30.7743596
"1368",NA,NA
"1369",-74.0059413,40.7127837
"1370",-77.4655212,25.0439288
"1371",-122.4194155,37.7749295
"1372",-75.6971931,45.4215296
"1373",-80.0533746,26.7153424
"1374",-73.9441579,40.6781784
"1375",-73.9441579,40.6781784
"1376",NA,NA
"1377",-79.5716903,35.8534705
"1378",-88.2072697,40.1105875
"1379",-111.9157965,41.2372635
"1380",-95.712891,37.09024
"1381",-85.6023643,44.3148443
"1382",-95.712891,37.09024
"1383",-81.970142,35.003968
"1384",NA,NA
"1385",-122.5616448,37.9746458
"1386",NA,NA
"1387",NA,NA
"1388",-81.1637245,33.836081
"1389",-118.2436849,34.0522342
"1390",-110.926479,32.2217429
"1391",-84.3879824,33.7489954
"1392",-95.712891,37.09024
"1393",-82.9000751,32.1656221
"1394",-95.712891,37.09024
"1395",-104.3384616,19.1138094
"1396",35.299211,0.5123736
"1397",NA,NA
"1398",-79.0192997,35.7595731
"1399",NA,NA
"1400",-79.0377388,43.0962143
"1401",-87.6297982,41.8781136
"1402",NA,NA
"1403",NA,NA
"1404",-111.9260519,33.4941704
"1405",NA,NA
"1406",-112.5347776,46.0038232
"1407",NA,NA
"1408",-58.3792534,-34.7678337
"1409",-85.3232139,51.253775
"1410",101.518461,3.073281
"1411",-83.0457538,42.331427
"1412",-121.6543901,37.1305012
"1413",-81.5157535,27.6648274
"1414",NA,NA
"1415",-122.4285862,37.4635519
"1416",NA,NA
"1417",NA,NA
"1418",NA,NA
"1419",NA,NA
"1420",NA,NA
"1421",NA,NA
"1422",-99.9018131,31.9685988
"1423",NA,NA
"1424",-71.0588801,42.3600825
"1425",-118.2436849,34.0522342
"1426",-73.7562317,42.6525793
"1427",NA,NA
"1428",NA,NA
"1429",-5.93012,54.597285
"1430",-79.3831843,43.653226
"1431",-91.8318334,37.9642529
"1432",-1.1743197,52.3555177
"1433",-94.5785667,39.0997265
"1434",77.5945627,12.9715987
"1435",NA,NA
"1436",NA,NA
"1437",-89.4012302,43.0730517
"1438",NA,NA
"1439",NA,NA
"1440",-95.712891,37.09024
"1441",-121.4943996,38.5815719
"1442",NA,NA
"1443",NA,NA
"1444",NA,NA
"1445",-83.0457538,42.331427
"1446",8.675277,9.081999
"1447",-77.0368707,38.9071923
"1448",-119.7889248,36.9915398
"1449",-88.0398912,30.6953657
"1450",-71.4372796,41.7798226
"1451",-83.5070203,35.6531943
"1452",-77.0368707,38.9071923
"1453",-87.6297982,41.8781136
"1454",NA,NA
"1455",NA,NA
"1456",-115.9839147,36.2082943
"1457",-74.0425694,40.7212584
"1458",NA,NA
"1459",NA,NA
"1460",-95.712891,37.09024
"1461",-75.1652215,39.9525839
"1462",73.0931461,33.7293882
"1463",-119.4179324,36.778261
"1464",NA,NA
"1465",NA,NA
"1466",NA,NA
"1467",NA,NA
"1468",-113.4909267,53.544389
"1469",-95.712891,37.09024
"1470",NA,NA
"1471",NA,NA
"1472",NA,NA
"1473",-111.9260519,33.4941704
"1474",-116.419389,34.9592083
"1475",NA,NA
"1476",-93.2938352,45.8769031
"1477",NA,NA
"1478",NA,NA
"1479",-91.1403196,30.4582829
"1480",NA,NA
"1481",-82.8001026,27.9658533
"1482",NA,NA
"1483",NA,NA
"1484",-1.1743197,52.3555177
"1485",NA,NA
"1486",-120.8958242,38.8375215
"1487",-72.6850932,41.7637111
"1488",-77.3063733,38.8462236
"1489",NA,NA
"1490",-95.712891,37.09024
"1491",-116.419389,38.8026097
"1492",NA,NA
"1493",NA,NA
"1494",NA,NA
"1495",NA,NA
"1496",-6.4889423,53.9252324
"1497",-71.5723953,43.1938516
"1498",-90.1994042,38.6270025
"1499",NA,NA
"1500",-1.1743197,52.3555177
"1501",-84.3879824,33.7489954
"1502",NA,NA
"1503",NA,NA
"1504",NA,NA
"1505",-86.1349019,40.2671941
"1506",-74.0059413,40.7127837
"1507",NA,NA
"1508",-2.9915726,53.4083714
"1509",-82.907123,40.4172871
"1510",-119.4179324,36.778261
"1511",-74.0059413,40.7127837
"1512",NA,NA
"1513",-74.0059413,40.7127837
"1514",NA,NA
"1515",-74.4642861,40.554887
"1516",NA,NA
"1517",-74.0059413,40.7127837
"1518",NA,NA
"1519",NA,NA
"1520",-74.0059413,40.7127837
"1521",NA,NA
"1522",NA,NA
"1523",NA,NA
"1524",NA,NA
"1525",NA,NA
"1526",NA,NA
"1527",NA,NA
"1528",NA,NA
"1529",-84.3879824,33.7489954
"1530",NA,NA
"1531",NA,NA
"1532",-91.8318334,37.9642529
"1533",-118.2436849,34.0522342
"1534",15.472962,49.817492
"1535",-96.7969879,32.7766642
"1536",-77.0518254,38.9006918
"1537",-93.2009998,44.9374831
"1538",NA,NA
"1539",NA,NA
"1540",NA,NA
"1541",-74.0059413,40.7127837
"1542",-92.2895948,34.7464809
"1543",-80.0928165,26.6857475
"1544",-122.3320708,47.6062095
"1545",-81.5157535,27.6648274
"1546",-117.2425355,33.2000368
"1547",-79.847008,8.838079
"1548",-75.1652215,39.9525839
"1549",-77.0368707,38.9071923
"1550",NA,NA
"1551",NA,NA
"1552",-127.6476206,53.7266683
"1553",73.0931461,33.7293882
"1554",-95.712891,37.09024
"1555",NA,NA
"1556",-83.6596596,41.9572676
"1557",-87.6297982,41.8781136
"1558",-95.712891,37.09024
"1559",NA,NA
"1560",-99.9018131,31.9685988
"1561",-91.8318334,35.20105
"1562",NA,NA
"1563",NA,NA
"1564",NA,NA
"1565",-111.0937311,34.0489281
"1566",1.432038,51.360163
"1567",-111.0937311,34.0489281
"1568",-86.8752869,40.4167022
"1569",NA,NA
"1570",-78.5058429,38.8817784
"1571",NA,NA
"1572",NA,NA
"1573",NA,NA
"1574",NA,NA
"1575",NA,NA
"1576",NA,NA
"1577",-3.381646,51.74873
"1578",-95.712891,37.09024
"1579",NA,NA
"1580",-120.7401386,47.7510741
"1581",-74.0059413,40.7127837
"1582",NA,NA
"1583",-71.8022934,42.2625932
"1584",-74.0059413,40.7127837
"1585",-114.0708459,51.0486151
"1586",-121.2907796,37.9577016
"1587",NA,NA
"1588",-81.1637245,33.836081
"1589",-71.3824374,42.4072107
"1590",-120.7401386,47.7510741
"1591",-93.6091064,41.6005448
"1592",NA,NA
"1593",NA,NA
"1594",-121.8522443,45.8230494
"1595",-72.8142903,44.5436627
"1596",-95.712891,37.09024
"1597",NA,NA
"1598",NA,NA
"1599",NA,NA
"1600",NA,NA
"1601",NA,NA
"1602",NA,NA
"1603",NA,NA
"1604",NA,NA
"1605",NA,NA
"1606",NA,NA
"1607",NA,NA
"1608",NA,NA
"1609",NA,NA
"1610",NA,NA
"1611",NA,NA
"1612",NA,NA
"1613",NA,NA
"1614",NA,NA
"1615",NA,NA
"1616",NA,NA
"1617",NA,NA
"1618",NA,NA
"1619",NA,NA
"1620",NA,NA
"1621",NA,NA
"1622",NA,NA
"1623",NA,NA
"1624",NA,NA
"1625",NA,NA
"1626",NA,NA
"1627",NA,NA
"1628",NA,NA
"1629",NA,NA
"1630",NA,NA
"1631",NA,NA
"1632",NA,NA
"1633",NA,NA
"1634",NA,NA
"1635",NA,NA
"1636",NA,NA
"1637",NA,NA
"1638",NA,NA
"1639",NA,NA
"1640",NA,NA
"1641",NA,NA
"1642",NA,NA
"1643",NA,NA
"1644",NA,NA
"1645",NA,NA
"1646",NA,NA
"1647",NA,NA
"1648",NA,NA
"1649",NA,NA
"1650",NA,NA
"1651",NA,NA
"1652",NA,NA
"1653",NA,NA
"1654",NA,NA
"1655",NA,NA
"1656",NA,NA
"1657",NA,NA
"1658",NA,NA
"1659",NA,NA
"1660",NA,NA
"1661",NA,NA
"1662",NA,NA
"1663",NA,NA
"1664",NA,NA
"1665",NA,NA
"1666",NA,NA
"1667",NA,NA
"1668",NA,NA
"1669",NA,NA
"1670",NA,NA
"1671",NA,NA
"1672",NA,NA
"1673",NA,NA
"1674",NA,NA
"1675",NA,NA
"1676",NA,NA
"1677",NA,NA
"1678",NA,NA
"1679",NA,NA
"1680",NA,NA
"1681",NA,NA
"1682",NA,NA
"1683",NA,NA
"1684",NA,NA
"1685",NA,NA
"1686",NA,NA
"1687",NA,NA
"1688",NA,NA
"1689",NA,NA
"1690",NA,NA
"1691",NA,NA
"1692",NA,NA
"1693",NA,NA
"1694",NA,NA
"1695",NA,NA
"1696",NA,NA
"1697",NA,NA
"1698",NA,NA
"1699",NA,NA
"1700",NA,NA
"1701",NA,NA
"1702",NA,NA
"1703",NA,NA
"1704",NA,NA
"1705",NA,NA
"1706",NA,NA
"1707",NA,NA
"1708",NA,NA
"1709",NA,NA
"1710",NA,NA
"1711",NA,NA
"1712",NA,NA
"1713",NA,NA
"1714",NA,NA
"1715",NA,NA
"1716",NA,NA
"1717",NA,NA
"1718",NA,NA
"1719",NA,NA
"1720",NA,NA
"1721",NA,NA
"1722",NA,NA
"1723",NA,NA
"1724",NA,NA
"1725",NA,NA
"1726",NA,NA
"1727",NA,NA
"1728",NA,NA
"1729",NA,NA
"1730",NA,NA
"1731",NA,NA
"1732",NA,NA
"1733",NA,NA
"1734",NA,NA
"1735",NA,NA
"1736",NA,NA
"1737",NA,NA
"1738",NA,NA
"1739",NA,NA
"1740",NA,NA
"1741",NA,NA
"1742",NA,NA
"1743",NA,NA
"1744",NA,NA
"1745",NA,NA
"1746",NA,NA
"1747",NA,NA
"1748",NA,NA
"1749",NA,NA
"1750",NA,NA
"1751",NA,NA
"1752",NA,NA
"1753",NA,NA
"1754",NA,NA
"1755",NA,NA
"1756",NA,NA
"1757",NA,NA
"1758",NA,NA
"1759",NA,NA
"1760",NA,NA
"1761",NA,NA
"1762",NA,NA
"1763",NA,NA
"1764",NA,NA
"1765",NA,NA
"1766",NA,NA
"1767",NA,NA
"1768",NA,NA
"1769",NA,NA
"1770",NA,NA
"1771",NA,NA
"1772",NA,NA
"1773",NA,NA
"1774",NA,NA
"1775",NA,NA
"1776",NA,NA
"1777",NA,NA
"1778",NA,NA
"1779",NA,NA
"1780",NA,NA
"1781",NA,NA
"1782",NA,NA
"1783",NA,NA
"1784",NA,NA
"1785",NA,NA
"1786",NA,NA
"1787",NA,NA
"1788",NA,NA
"1789",NA,NA
"1790",NA,NA
"1791",NA,NA
"1792",NA,NA
"1793",NA,NA
"1794",NA,NA
"1795",NA,NA
"1796",NA,NA
"1797",NA,NA
"1798",NA,NA
"1799",NA,NA
"1800",NA,NA
"1801",NA,NA
"1802",NA,NA
"1803",NA,NA
"1804",NA,NA
"1805",NA,NA
"1806",NA,NA
"1807",NA,NA
"1808",NA,NA
"1809",NA,NA
"1810",NA,NA
"1811",NA,NA
"1812",NA,NA
"1813",NA,NA
"1814",NA,NA
"1815",NA,NA
"1816",NA,NA
"1817",NA,NA
"1818",NA,NA
"1819",NA,NA
"1820",NA,NA
"1821",NA,NA
"1822",NA,NA
"1823",NA,NA
"1824",NA,NA
"1825",NA,NA
"1826",NA,NA
"1827",NA,NA
"1828",NA,NA
"1829",NA,NA
"1830",NA,NA
"1831",NA,NA
"1832",NA,NA
"1833",NA,NA
"1834",NA,NA
"1835",NA,NA
"1836",NA,NA
"1837",NA,NA
"1838",NA,NA
"1839",NA,NA
"1840",NA,NA
"1841",NA,NA
"1842",NA,NA
"1843",NA,NA
"1844",NA,NA
"1845",NA,NA
"1846",NA,NA
"1847",NA,NA
"1848",NA,NA
"1849",NA,NA
"1850",NA,NA
"1851",NA,NA
"1852",NA,NA
"1853",NA,NA
"1854",NA,NA
"1855",NA,NA
"1856",NA,NA
"1857",NA,NA
"1858",NA,NA
"1859",NA,NA
"1860",NA,NA
"1861",NA,NA
"1862",NA,NA
"1863",NA,NA
"1864",NA,NA
"1865",NA,NA
"1866",NA,NA
"1867",NA,NA
"1868",NA,NA
"1869",NA,NA
"1870",NA,NA
"1871",NA,NA
"1872",NA,NA
"1873",NA,NA
"1874",NA,NA
"1875",NA,NA
"1876",NA,NA
"1877",NA,NA
"1878",NA,NA
"1879",NA,NA
"1880",NA,NA
"1881",NA,NA
"1882",NA,NA
"1883",NA,NA
"1884",NA,NA
"1885",NA,NA
"1886",NA,NA
"1887",NA,NA
"1888",NA,NA
"1889",NA,NA
"1890",NA,NA
"1891",NA,NA
"1892",NA,NA
"1893",NA,NA
"1894",NA,NA
"1895",NA,NA
"1896",NA,NA
"1897",NA,NA
"1898",NA,NA
"1899",NA,NA
"1900",NA,NA
"1901",NA,NA
"1902",NA,NA
"1903",NA,NA
"1904",NA,NA
"1905",NA,NA
"1906",NA,NA
"1907",NA,NA
"1908",NA,NA
"1909",NA,NA
"1910",NA,NA
"1911",NA,NA
"1912",NA,NA
"1913",NA,NA
"1914",NA,NA
"1915",NA,NA
"1916",NA,NA
"1917",NA,NA
"1918",NA,NA
"1919",NA,NA
"1920",NA,NA
"1921",NA,NA
"1922",NA,NA
"1923",NA,NA
"1924",NA,NA
"1925",NA,NA
"1926",NA,NA
"1927",NA,NA
"1928",NA,NA
"1929",NA,NA
"1930",NA,NA
"1931",NA,NA
"1932",NA,NA
"1933",NA,NA
"1934",NA,NA
"1935",NA,NA
"1936",NA,NA
"1937",NA,NA
"1938",NA,NA
"1939",NA,NA
"1940",NA,NA
"1941",NA,NA
"1942",NA,NA
"1943",NA,NA
"1944",NA,NA
"1945",NA,NA
"1946",NA,NA
"1947",NA,NA
"1948",NA,NA
"1949",NA,NA
"1950",NA,NA
"1951",NA,NA
"1952",NA,NA
"1953",NA,NA
"1954",NA,NA
"1955",NA,NA
"1956",NA,NA
"1957",NA,NA
"1958",NA,NA
"1959",NA,NA
"1960",NA,NA
"1961",NA,NA
"1962",NA,NA
"1963",NA,NA
"1964",NA,NA
"1965",NA,NA
"1966",NA,NA
"1967",NA,NA
"1968",NA,NA
"1969",NA,NA
"1970",NA,NA
"1971",NA,NA
"1972",NA,NA
"1973",NA,NA
"1974",NA,NA
"1975",NA,NA
"1976",NA,NA
"1977",NA,NA
"1978",NA,NA
"1979",NA,NA
"1980",NA,NA
"1981",NA,NA
"1982",NA,NA
"1983",NA,NA
"1984",NA,NA
"1985",NA,NA
"1986",NA,NA
"1987",NA,NA
"1988",NA,NA
"1989",NA,NA
"1990",NA,NA
"1991",NA,NA
"1992",NA,NA
"1993",NA,NA
"1994",NA,NA
"1995",NA,NA
"1996",NA,NA
"1997",NA,NA
"1998",NA,NA
"1999",NA,NA
"2000",NA,NA
"2001",NA,NA
